sample_id,text,true_label,gemma_pred
1,lalettaaaaaa....luv you.....e movie arengaan wait cheyuneveer endoo,Positive,INVALID
2,ചാക്കോച്ചന്റെ അഞ്ചാംപാതിരായ്ക്ക് വിജയാശംസകളോടെ.... മമ്മൂക്കഫാൻസ്‌ കണ്ണൂർ,Positive,INVALID
3,മാമാങ്കത്തിന് family കുറച്ചു  കുറയാൻ ഉള്ള എല്ലാ സാധ്യതകളും കാണുന്നു . My സാന്റാ  ഒരെ പൊളി .ഒരു beautiful fantasy movie പ്രതീക്ഷിക്കാം. കുട്ടികൾ തന്നെ കേറി വൻ വിജയം ആക്കും . Waitting for തിയേറ്റർ എക്സ്പീരിയൻസ്,Positive,INVALID
4,2019 ലെ ഒരു വലിയ hit  കാസ്റ്റിംഗ്,Positive,INVALID
5,Rajuvetta katta waiting for Lucifer,Positive,INVALID
6,Polichu...  namude ലാലേട്ടൻ.. ...  rajuchettan,Positive,INVALID
7,Oru songil tane itrayum comedy apo onam ittymani kond poyi enu paranjekk,Positive,INVALID
8,Trailer ndoke erakiyalum lalettante record thakarkan lalettanu matre pattu,Positive,INVALID
9,Ittichan da  mwne sanbavm pwlikm !onam winner,Positive,INVALID
10,Padachooone....BGM..kett vaaa polich poyath njn mathram aaahno.?,Positive,INVALID
11,Teateril നിന്ന് ഏറ്റവും കൂടുതൽ കയ്യടി വാങ്ങിയ ഒരു ഭാഗം ഈ സോങ് ആണ്...... enthe crct alle?,Positive,INVALID
12,trailer kaanumbo oru romaanjam.. royal mech.. kidu.. :-),Positive,INVALID
13,പ്രതീക്ഷിച്ചതുപോലെ നല്ലൊരു കിടിലൻ ട്രൈലെർ  fully filled with fantasy  എങ്ങും ഒരു ഹോളിവുഡ് ടച്ച്‌  കൂടെ english സോങ് കൂടി ആയപ്പോ കലക്കി.. അപ്പൊ എന്തായാലും ക്രിസ്മസ്നു ദീലീപേട്ടൻ ഒരു വരവ് വരുകയാ 🤘 എല്ലാവർക്കും എന്റെ ഹാപ്പി ക്രിസ്മസ്,Positive,INVALID
14,Song പൊളിച്ചു last ഇക്ക വരുമെന്ന് വിചാരിച്ചു. ഇക്ക ലേറ്റാ വന്താലും latest aa varuve,Positive,INVALID
15,2k19 മമ്മുക്കയുടെ വർഷം ആയത് പോലെ 2k20 മമ്മുക്കയുടെ ആയി മാറട്ടെ,Positive,INVALID
16,Annum Innum Ikkayude Bthday nnu vachal nammal malayalikal ellarum oru atbudama...   Vayasulpade tettate malayalikal parayan  Matethu nadanundu inganoru pretyekata  #Ikka,Positive,INVALID
17,Ittimani onam kondupokum ennu urappullavarke like adikkanulla oru 50 acre ivide vachitunde....edutho...,Positive,INVALID
18,"ദിവസവും ഈ പാട്ട് രണ്ട് നേരം എങ്കിലും കേട്ടില്ലങ്കിൽ എന്തോ പോലെ ,പ്രഹസനമല്ല സത്യായിട്ടും.",Positive,INVALID
19,"ഈ സിനിമയെ degrade ചെയ്യാൻ നോക്കുന്നവരൊക്കെ പോയി വേറെ പണി നോക്കടെ... ഞാൻ ഒരു #ലാലേട്ടൻ fan ആണ്, എന്നാലും പറയുവാ ഇതു നല്ലൊരു സിനിമയാണ്... #മമ്മൂക്ക",Positive,INVALID
20,Kurach massum aayittanallo jayetta ipravishathe varav,Positive,INVALID
21,Uff romanjam kond irinaduth ninn njan enit ninn poyi,Positive,INVALID
22,"എന്താടാ നിങ്ങൾ പറഞ്ഞെ.. പഴയ ഡിറക്ടർസ്, പണ്ടത്തെ ആഹ് ഒരു ഗുമൊന്നും ഇപ്പോഴില്ല,  എന്ന് പറഞ്ഞ ചീള് ന്യൂ ജനറേഷനോളികൾ എവിടാടാ??  വാടാ..  വാടാ !! ജോഷി സർ ബാക്ക് ഓൺ താ ഫ്ലോർ !!!!",Positive,INVALID
23,എല്ലാവര്‍ക്കും ഹൃദയം നിറഞ്ഞ ക്രിസ്മസ് ആശംസകള്‍,Positive,INVALID
24,Nalla rasam ubdae,Positive,INVALID
25,ഫഹദ്   polich  movieyil psycho,Positive,INVALID
26,Lalettan polippichengil.  Adik oru big like,Positive,INVALID
27,Addddiiiiipolliiiii.....marana masss.....oru sakshem illa....lalettande kidu look.....🤩🤩,Positive,INVALID
28,അതെ നമ്മുടെ ഏട്ടൻ .I LOVE YOU ലാലേട്ടാ ...,Positive,INVALID
29,Idivett trailer . Mammukka ennum njangalde swantham,Positive,INVALID
30,പയ്യന്നൂർ ന്റെ സ്വന്തം അനശ്വര കുട്ടി യും,Positive,INVALID
31,Trailer le mikka bagangalum theater il miss aayi ennu enikku maathram aano thoniyathu ?? Pala bagangalum cut cheytha pole ?  Enthokke aanelum padam kidu aanu tta..!  Kudos to crew  From #arts_clg,Positive,INVALID
32,Trailer il എടുത്തു പറയേണ്ടത് ഇതാണ് “ ഗോപി സുന്ദർ പൊളിച്ചു അടിക്കിയിട്ടുണ്ട് ”. വേറെ ലെവൽ BGM [background music],Positive,INVALID
33,SHANE NTEഫ്രണ്ട് മച്ചാൻ വേറെ ലെവൽ,Positive,INVALID
34,ഫഹദ് ഇക്ക നിങ്ങ പൊളിയാണ്. കഷണ്ടി കാരുടെ അഭിമാനവും ആത്മവിശ്വാസവുമാണ് നിങ്ങൾ  ഫഹദിക്ക ഇഷ്തം,Positive,INVALID
35,Police pwoli anallo...lal inte thirichu varavu...,Positive,INVALID
36,Raja 100 core kadakum ennu urappulavarke like adiche polikanulla button... Ikka,Positive,INVALID
37,മലയാളത്തിന്റെ മാമാങ്ക മഹോത്സവത്തിന് ആയിരങ്ങളുടെ കാത്തിരിപ്പ്. ഫാൻ ഫൈറ്റ് മാറ്റി വെച്ച് ഒന്നിച്ച് പ്രോത്സാഹിപ്പിക്കൂ അതുല്ല്യ മലയാള കലാ കാരന്മാരെ,Positive,INVALID
38,Padam clss ann വേറെ level ayirikum,Positive,INVALID
39,വിരിഞ്ഞ നെഞ്ച് ഉള്ളവർ ഉണ്ടായിട്ട് എന്ത് കാര്യം.. എന്നുമീ ചരിഞ്ഞ തോളിൽ അല്ലേ മലയാള സിനിമഏട്ടൻ,Positive,INVALID
40,എത്ര കേട്ടാലും മതി വരാത്ത സോങ്,Positive,INVALID
41,ആരും സഞ്ചരിക്കാത്ത വഴികളിലൂടെ നിവിൻ സഞ്ചരിച്ചു തുടങ്ങി,Positive,INVALID
42,kanunnathin  anusarich veendum veendum kanan thonnunu,Positive,INVALID
43,Super  കേട്ടാലും കേട്ടാലും മടുക്കാത്ത song,Positive,INVALID
44,Onnum parayanilla... ഒരു pidiyum kittunnilla... waiting for.... pathinettam പടി..... Rockkk Mammookka .,Positive,INVALID
45,മലയാള സിനിമക്ക് എന്നും ശക്തമായ സ്ത്രീകഥാപാത്രങ്ങൾ തന്ന മഞ്‍ജു ചേച്ചി മറ്റൊരു ശക്തമായ കഥാപാത്രവുമായി വീണ്ടും,Positive,INVALID
46,ഒരു ശക്തമായ കപാത്രം  ജോജു കൊട് കൈയ്യടി......,Positive,INVALID
47,Kure  നാളുകളായി ഒരു സാധാരണ പടം ആഗ്രഹിക്കുന്നു. അത് ഇതിലുണ്ടാവണമെന്ന് പ്രതീക്ഷിക്കുന്നു,Positive,INVALID
48,"ഈ പാട്ടിനു എങ്ങനെ ഡിസ്‌ലൈക്ക് അടിക്കാൻ തോന്നി?? ആ സ്റ്റേജിൽ ഉള്ളവരിൽ ഏറ്റവം നന്നായി കളിച്ചതു ലാലേട്ടൻ ആണെന്ന് ആർക്കൊകെ തോന്നി, സ്റ്റീഫൻ നെടുമ്പള്ളി തന്നെ ആണോ ith? ഓണം ഇട്ടിച്ചായൻ കൊണ്ടുപോകും, ഉറപ്പ്.",Positive,INVALID
49,ഇപ്പോഴും വന്നു കണ്ട് രോമാഞ്ചിഫിക്കേഷൻ ആവുന്നവർ ഇവിടെ ലൈക്‌ അടി...,Positive,INVALID
50,പടം ഇറങ്ങിയിട്ട് 2 മാസം ആയിട്ടും ഇപ്പോഴും കേൾക്കുന്നു,Positive,INVALID
51,Tgf nu shesham Nalla moodulla mattoru malayala film aavum.,Positive,INVALID
52,മലയാളികൾ wait ചെയ്ത song ഒന്നും പറയാൻ ഇല്ല മമ്മുക്ക കലക്കി,Positive,INVALID
53,Trailer കാണുന്നേ മുൻപേ like അടിച്ചവർ ഇവടെ കമോണ്,Positive,INVALID
54,Entae jeevathil ithrayum pravishyam trailer kanda verae oru cinemayum illa,Positive,INVALID
55,"അങ്ങനെ മലയാള സിനിമയിലേക്ക്  ലക്ഷണമൊത്ത മറ്റൊരു ക്രൈം ത്രില്ലെർ സിനിമ കൂടെ, ഇതിലെ ഓരോ ഷോട്ടും നിഗുഢത നിറഞ്ഞതും പേടിപെടുത്തുന്നതുമാണ്",Positive,INVALID
56,Mohanlal fans like here .... Ettan maaasss aanu,Positive,INVALID
57,Enta ikka polichu   Kidu item  Ethu polikkum,Positive,INVALID
58,Ichaayn masss alaaa marana masss anuuuu polwiii,Positive,INVALID
59,നല്ല കട്ട ലോക്കൽ മൂവി  ആയിരിക്കും waiting,Positive,INVALID
60,Ella recordum theerkaan kazhiyatte ennaasamsikunnu...Enkil maathre e record marakaar release aavumbo thiruthaan saadhikku,Positive,INVALID
61,Bgm + ettan + dialogues + fight  = romanijification,Positive,INVALID
62,Mmale Thrissurile jedikale film..ith pwolikum tta,Positive,INVALID
63,E padathinte making ushar aanenu thonunu..  Trailer kanditt padam kandathokem thallipoli aayirnu.  But trailer pwolichu,Positive,INVALID
64,Poli trailer movie kanan kothi akunnu,Positive,INVALID
65,ലാലേട്ടാ പൊളിച്ചു ഏറെ നാൾ ആയിട് കാണാൻ കാത്തിരുന്ന ആ പഴയ ലാലേട്ടൻ ഈ ഓണം ഇട്ടിച്ചയാനോട് ഒപ്പം🤗🤗,Positive,INVALID
66,Nice...ikka mass   . All th bst #lalettan fan,Positive,INVALID
67,Lalettan kidu maazz .... .... Super.......,Positive,INVALID
68,MAMMOOKA FANSINTE ELLA VIDHA ASHAMSAKALUM NERUNNU...,Positive,INVALID
69,romancham ennokke paranja koranji pogum ....athukkum mele,Positive,INVALID
70,Ettan pwoli.. Engane abinayikunnu ethra cute ayyitte,Positive,INVALID
71,ചിന്ത പാളുന്ന കൊല്ലകൊല്ലി ഐറ്റം   മാമാങ്കത്തിൽ ക്ലാസ്സ്‌ ആയിരുന്ന ഇക്ക  ഷൈലോക്കിൽ ട്രിപ്പിൾ മാസിൽ,Positive,INVALID
72,Mammukka marana mass  Ikka fans like  Katta wi8 for mammangam,Positive,INVALID
73,ചാക്കോച്ചന്റെ ഒരു ഉഗ്രൻ തിരിച്ചുവരവാകട്ടെ ഈ ചിത്രം...കിടു trailer,Positive,INVALID
74,ഇൗ പിള്ളേരൊക്കെ പറയുവല്ലോ എന്തുവാ കൊലമാസ്സ്‌ അത് തന്നെ,Positive,INVALID
75,Nalla kidukkachii trailer... Ikka love uuu...,Positive,INVALID
76,മമ്മൂക്ക ഒരേ പൊളി... എജ്ജാതി എനർജി സ്ക്രീൻ പ്രെസൻസ്,Positive,INVALID
77,ഭവനെ... കൊല ഗാണ്ടിലെ ഇറുക്ക്... ഹഹ...കൊല്ലാമ വിടമാട്ടേൻ...   ന്റമ്മോ ജ്ജാതി ഡയലോഗ്,Positive,INVALID
78,മാർഗം  കളി   സൂപ്പർ,Positive,INVALID
79,ഇത് എപ്പ പൊളിച്ചൂന്ന് ചോദിച്ചാ പോരെkatta waiting...................,Positive,INVALID
80,inni Kanji chodichu Arum varandaa....Assalu Biriyani thanne Thannittund.         Lucifer,Positive,INVALID
81,Adaar item orungi....kaathirunnolu ini ball njngalde kayil aan....!!!,Positive,INVALID
82,Vere level ikka polikum. RAJA vere level aakum. Ikkaaaa,Positive,INVALID
83,Enne pole katta waiting ayi nikunavar adi oru,Positive,INVALID
84,ആദ്യത്തെ സംസാരം കേട്ടപ്പോ ഓർത്ത് കരിക്കിലെ പിള്ളേരും ഉണ്ടെന്ന്  സൗബിനിക്ക വാട്ട്‌ a ട്രാൻസ്ഫോർമേഷൻ മാൻ   കട്ട വെയ്റ്റിംഗ്   Ps: ഭാവന സ്റ്റുഡിയോസ്  പോത്തേട്ടൻ അറ്റെൻഷൻ ടു ഡീറ്റെയിൽസ് കിടുക്കാച്ചി.,Positive,INVALID
85,Sound pwoliii... ട്രൈലെർ ഒരു രക്ഷയുമില്ല.. 🤩🤩🤩🤩🤩🤩🤩,Positive,INVALID
86,ഭാവം കൊണ്ടും വേഷം കൊണ്ടും ഒരുപാട് ചിരിപ്പിച്ചിരുന്ന ആ പഴയ സലീം കുമാറിനെ വീണ്ടും കാണാൻ സാധിക്കുമെന്ന് പ്രതീക്ഷയുണ്ട്,Positive,INVALID
87,Lalettan ki jaiiiii..king of box office,Positive,INVALID
88,മമ്മൂക്ക ഡാൻസ് കളിക്കുന്നത് എന്തൊരു രസത്തോടെയാണ് തിയേറ്ററിൽ ആസ്വദിച്ചത്..എന്നും അതേ.... വല്ലാത്ത ഇഷ്ടമാണ് ഇദ്ദേഹത്തിന്റെ അഭിനയത്തോടുള്ള പാഷൻ കാണുമ്പോ  ഇപ്പോഴും അടിവരയിട്ട് പറയുന്നു ചരിത്രവേഷങ്ങളെ അതിന്റെ പൂർണ്ണതയിൽ എത്തിക്കാൻ ഇതിലും മികച്ച നടൻ നമുക്ക് വേറെയില്ല..  എന്ന് ഒരു കട്ട ലാലേട്ടൻ ഫാൻ  Nb:- (ഇദ്ദേഹത്തിന്റെ പ്രായത്തിൽ ജീവിച്ചിരിക്കുമോ എന്നുപോലും ഉറപ്പില്ലാത്തവരുടെ ഡീഗ്രേഡിങ് ആരും കാര്യമായി എടുക്കരുത്.. ),Positive,INVALID
89,Oru rakshayum illa..joli kazhin ksheenichirangiya enik ippo oru energy okke thonunu.. #Mamangam,Positive,INVALID
90,Kali brazilum(lalettan) Argentina ( mammookka)yum thammila.... Thee paarum.... Welcome mammookka....,Positive,INVALID
91,എന്തൊരു look എന്റമ്മച്ചി. കട്ട കലിപ്പ് look തന്നെ,Positive,INVALID
92,ഈ ലുക്കിൽ ഇക്കാന്റെ എൻട്രി ഒന്ന് ആലോചിച്ചു നോകിയെ ഉഫ് കട്ട വെയ്റ്റിംഗ്,Positive,INVALID
93,മമ്മൂക്ക മറ്റൊരു ഭാഷ മാസ്സായി പറയുമ്പോൾ കിട്ടുന്ന ഒരു ഫീൽ ഹോ അത് പറഞ്ഞരീക്കാൻ പറ്റില്ല FDFS തകർത്തിരിക്കും,Positive,INVALID
94,ഷിൻറെ ഒപ്പം വേറെയും രണ്ടുമൂന്നു പേരുണ്ട് അവരെ ആരും  കണ്ടില്ലേ... അവരെയും ഒന്ന് സപ്പോർട്ട് ചെയ്തോടെ...Feelgood  song,Positive,INVALID
95,Ee paattum kett urangaan oru sugam thanna...,Positive,INVALID
96,Eeee mothaline thakarkkan iny aarada ullathu,Positive,INVALID
97,Lucifer kandu. Eny Ethu. Kananam.. Ohhhh.,Positive,INVALID
98,മമ്മൂക്ക   നമ്മുടെ എക്കാലത്തെയും സൂപ്പർ സ്റ്റാർ,Positive,INVALID
99,Vaan Trailer .... laleetta nigga Oru jinn Aanu kettoo.....mass voice,Positive,INVALID
100,സ്വാസികയ്ക്ക് മലയാള സിനിമയില്  ശക്തമായൊരു തിരിച്ചുവരവിന് ഈ സിനിമ വഴിയൊരുക്കട്ടെ......എല്ലാവിധ ആശംസകളും സ്വാസുവിനും  എല്ലാവര്ക്കും,Positive,INVALID
101,Hoooo.      Kilipoi,Positive,INVALID
102,152k views in 38 minutes 107k likes. Lalettan magic,Positive,INVALID
103,Ittimaniyil... LOVE und.... ACTION  illa....DRAMA und... Movie bore adipikilla..Poi.. Kandu.. Istapetu...,Positive,INVALID
104,Ettan fan aaanu but nallathu kandal nallathanu ennu thanne parayum.....ikka mass aaayittund ....ithu pwolikkum,Positive,INVALID
105,മരണം എന്ന മൂന്നക്ഷരത്തേ... പോരാട്ടം കൊണ്ട് ഭയപ്പെടുത്തിയ ചാവേർപടയുടെ വീരനായകന്റെ കഥ   ചാവേർപ്പടയുടെ മാമാങ്കം,Positive,INVALID
106,"Kalipp katta kalip polichu..,. I am waiting.....",Positive,INVALID
107,ലാലേട്ടൻ പൊളിച്ചു   ലാലേട്ടന്റെ കരിയറിലെ തന്നെ ഏറ്റവും മികച്ച ഒരു മൂവി ആണ് എന്ന് തോനുന്നു  ബിഗ് ബ്രദർ    മാസ്സ് fight & Mass ഡയലോഗ്സ്   ലാലേട്ടൻ ഇസ്‌തം,Positive,INVALID
108,കാത്തിരിപ്പിന്റെ സുഖം അതൊന്ന് വേറെ തന്നെയാ     Katta waitting @ഇട്ടിമാണി,Positive,INVALID
109,Thakarthutto...  Onnalla orupaadu kaaranangalaa...  ith thakarkkum...,Positive,INVALID
110,Njnum oru fanaaaaa Prithvirajinteyum mammokkayudeyum lalettanteyum okkeeee......,Positive,INVALID
111,Simple yet beautiful  what a film എല്ലാരും അടിപൊളി ആയി.ഇങ്ങനെ വേണം സിനിമ.    Long way to go Shane,Positive,INVALID
112,Ente ponnu ettaaa ningalu njngale romancham varuthichu kollum,Positive,INVALID
113,Visual treat tanne aayirikum film ennu e song katti thannu,Positive,INVALID
114,Kidu trailer  Ikka fans like Adi,Positive,INVALID
115,kaalame ini pirakkumoo ithpoloru vismayam   Mamukka___,Positive,INVALID
116,ഒരു അപേക്ഷ ഉള്ളു എല്ലാവരോടും  നമ്മുടെ ഇക്ക ഫാൻസ് ഒരു കുഴപ്പും അത് തന്നെയാണ്  അടുത്തത് വരുമ്പോൾ കൈയിൽ ഇരിക്കുന്നത് കളഞ്ഞിട്ട് പോകരുത്  #shylock സമയം നമ്മുക്ക് ഉണ്ട് അതുകൊണ്ട് തന്നെ promotion വേണ്ട എന്ന് അല്ല  വേണം എന്നാലും ക്രിസ്മസ് അവധി ആണ് വരുന്നത് മാമാങ്കം വിട്ട് പോകല്ലെ കട്ടക്ക് നിൽക്കണം വമ്പൻ ഹിറ്റ് ആകണം മാമാങ്കം  നമ്മളാണ് എല്ലാത്തിനും ദേവനും  അസുരനും എല്ലാ   മാമാങ്കം,Positive,INVALID
117,Ettante padathin positive  kittya pinne oruthanum mutteett karyalla. Muttolamethan polum pattilla,Positive,INVALID
118,nyzzzz work,Positive,INVALID
119,"ഈ സിനിമയിലെ ഓരൊ കഥാപാത്രവും നമ്മുടെയൊക്കെ ഉള്ളിലുണ്ട് ,അത് കൊണ്ടാണ് പടം അത്രയ്ക്ക്  ഇഷടപ്പെട്ടത്",Positive,INVALID
120,രോമാഞ്ചം അൺലിമിറ്റഡ്.. ട്രൈലെർ പോലെ തന്നെ മൂവിയും അടിപൊളിയാവട്ടെ.. ആശംസകൾ,Positive,INVALID
121,Malayala cinemayude charithram mattan deric abraham june 16 ethum,Positive,INVALID
122,ഈ മ്യൂസിക് Compos ചെയ്തവന്റെ കഴിവ് മനസ്സിലാക്കണമെങ്കിൽ 1:30 ശ്രദ്ധിച്ചാൽ മതി ഒരു വെറൈറ്റി മിക്സ്‌ കയറ്റിയേക്കുന്നത് കാണാം... Sushin shyam,Positive,INVALID
123,Vineeth ettan produce cheyyunna   film vere enth nokana,Positive,INVALID
124,ചെക്കൻ അടുത്ത natural acter ആവുന്നു തോനുന്നുണ്ടോ..  ഫഹദിനും /സൗബിനും /ഷൈൻ നീഗത്തിനു ശേഷം nxt natural actre,Positive,INVALID
125,Laletta kalakki.lallettan fanayalum Ikka fanayalam .Kandal Romanjam Varum .adutha level trailer. Njan like adichu.onnilparam Kandavar itil like adikku.,Positive,INVALID
126,Valiya perunnal  shane nigam ishtam,Positive,INVALID
127,Adipoli mass padam aarikkum. Ikkede alle padam,Positive,INVALID
128,Nalla oru film anuuu ellavarum poyi kanu....,Positive,INVALID
129,ഈ  സിനിമ  സൂപ്പർ  ആയിരിക്കും മഞ്ജു ചേച്ചി  നിങ്ങൾ  ഒരു  സംഭവം  ആണ്  കെട്ടോ  ചേച്ചി  പൊളിച്ചു  അടുക്കി  ഈ സിനിമ  തീയറ്ററിൽ വരാൻ കാത്തിരിക്കുന്നു,Positive,INVALID
130,LAlettanu cheyyankaziunna role mammookakum patilla athupole thanne mammooka cheyunna kathapathram Lalettanum patiyennuvarilla. ethokke nadanmaar inium vannalum manasil kuthikurichittekunna randu perukalaanu Lalettanteum Mammookaudeum,Positive,INVALID
131,Inn ni8 full repeat adich kanan ponavar ivide like adicholu,Positive,INVALID
132,Petrol vila karanam raja cycilil. polichu!!!!!,Positive,INVALID
133,That laugh ente പൊന്നു ഇക്കാ powlichu,Positive,INVALID
134,ലാലേട്ടൻ മാർഗംകളി പൊളിച്ചു........ ishtapettavar like adicheaa🤩🤩,Positive,INVALID
135,മാസ്സ് എന്നൊക്കെ പറഞ്ഞാൽ ഇതാണ് മാസ്..ഇക്കണ്ട പടം എല്ലാം സൂപ്പർ സ്റ്റാറുകളുടെയും നായകന്മാരുടെയും പടം വച്ചു പോസ്റ്ററടിക്കുമ്പോ ഇവിടെ ഒരെണ്ണം ഡയറക്ടറുടെ പേര് വച്ചു അടിച്ചു ഇറക്കിയേക്കുന്നു.. മാസ്സ്..മാസ്സ്...കൊലാമാസ്സ്...,Positive,INVALID
136,kalakki Kalakki. Onnum parayan illa,Positive,INVALID
137,എന്റെ  പൊന്നോ  കണ്ണെടുക്കാൻ  കഴിയുനില്ല,Positive,INVALID
138,പുതു താരകങ്ങളിലെ നന്മയുള്ള മാണിക്യ കല്ല് .... രാജ്യാന്തരവേദികളിൽ മികച്ച പ്രകടനം കാഴ്ച്ചവെച്ച മൂത്തോനിലെ നിവിന്റെ അഭിനയ മികവ് കാണാനായി കാത്തിരിക്കുന്നവർ ഇവിടെ കമോൺ,Positive,INVALID
139,ഈ പാട്ട് തരുന്ന Feel പറഞ്ഞറിയിക്കാൻ പറ്റില്ല sushin shyam excellent work.  Soorajettan anne amie superb singing,Positive,INVALID
140,Pwolich ikka love from ettan fan,Positive,INVALID
141,Uff.... ingnethe oru trailer malayalam industryil thanne vannukanilla. Oru rakshayum illa adaar item thanne aann മമ്മൂക്ക,Positive,INVALID
142,പടം അടിപൊളി കിടു അടി മാസ്സ്,Positive,INVALID
143,ടീസറിനെക്കാളും ട്രൈലറിനെക്കാളും വിഡിയോ സോങ് ഇഷ്ട്ടപെട്ടവർ ഇവിടെ ലൈക്‌ ഈ വർഷത്തെ ഓണകപ്പ് ഇട്ടിച്ചായനും പിള്ളേരും ഇങ്ങെടുത്തു എന്ന് പറഞ്ഞേക്ക്,Positive,INVALID
144,Mammukka oru rakshayilla     NEXT 200 CRORES IN MOLLYWOOD CINEMA,Positive,INVALID
145,വീണ്ടും ദിലീപ് ഏട്ടൻ.. കൂടെ സുഗീതും  #മാമാങ്കം #ബിഗ് ബ്രദർ  #My Santa തീയേറ്ററിൽ ഇനി ഹൗസ്ഫുൾ കാലം🥰,Positive,INVALID
146,Nalla Padama Kandavar maathram like cheyyu,Positive,INVALID
147,ഇത് കൊള്ളാം...  തീ പാറും,Positive,INVALID
148,ഇട്ടിച്ചനും പിള്ളേരും ഈ ഓണം ഇങ്ങെടുക്കുവാ....   കട്ട ലാലേട്ടൻ ഫാൻസ് ലൈക്ക് അടിക്ക്,Positive,INVALID
149,"ഏത് മ്മടെ 1983,ആക്ഷൻ hero ബിജു, പൂമരം എടുത്ത എബ്രിഡ് ഷൈനോ  ഞെട്ടിച്ചു",Positive,INVALID
150,കിങ് മേക്കർ ജോഷി സാറിന്റെ വൻ തിരിച്ചുവരവാകട്ടെ ഈ ചിത്രം എന്നാശംസിക്കുന്നു,Positive,INVALID
151,"Comedy  king ,ഉം കുട്ടികളും ഈ പടം തകർക്കും,,,!!",Positive,INVALID
152,Aadhyamayi midhun machande oru film enik kananam enna oru thonnal indakya film,Positive,INVALID
153,ഒരു കിടുക്കാച്ചി കോമഡി  ഫാമിലി മൂവി loading,Positive,INVALID
154,Oru mass Dialogue polum illathirakki mass kattan pona movie,Positive,INVALID
155,ഒരു രക്ഷയുല്ലാട്ടോ...മാരകം... മാസ്മരികം... ജോഷി തിരിച്ചു വന്നു ആശാനേ...🤤🤤🤤,Positive,INVALID
156,എജ്ജാതി പടം <3  ഫസ്റ്റ് ഡേ കണ്ടവരുണ്ടോ ?,Positive,INVALID
157,Oru narasimham usthad okke orumich kanda oru sughm kittyy... kuliroodu kuliru... laaleettaa... raju... no rekshaa... iniyum kaanan thonnunnavr like,Positive,INVALID
158,50 സെക്കന്റ് മുതല്‍ ഉള്ള ഡയലോഗ് ഇനി വണ്ടി ഭ്രാന്തന്‍മാരുടെ സ്റ്റാറ്റസായിരിക്കും,Positive,INVALID
159,കാണുന്നതിന് മുൻപേ ലൈക് ചെയ്തത് ഞാൻ മാത്രമാണോ.. 🤩... ലാലേട്ടാ,Positive,INVALID
160,Padam kndit vndum trailer kanumpo veror feel,Positive,INVALID
161,Marana mass kettitellu. Eppam kandu.  Prithi & lalettan combo polikuumm,Positive,INVALID
162,ഇട്ടി കണ്ടു. നല്ല പടം. കുറച്ചു ലാഗ് ഉണ്ട്. ഒരു ഫൈറ്റ് ചേർക്കമായിരുന്നു. ഒരുപാട് ചിരിക്കാൻ ഉണ്ട്. കുറച്ചു A കോമഡി ഉണ്ട്. പക്ഷെ കുടുംബത്തോടെ കാണാം.,Positive,INVALID
163,Endhu anelum ikka..  Ummah... kidilam,Positive,INVALID
164,Powlichu,Positive,INVALID
165,വീണ്ടു വീണ്ടു കണ്ടു രോമച്ചം വന്നവർ ഉണ്ടോ....,Positive,INVALID
166,Jack Daniel ന് ശേഷം ദിലീപേട്ടൻ വീണ്ടും വരുന്നു. ഒപ്പം മലയാളത്തിന്റെ പ്രിയ സംവിധായകൻ സുഗീതും. This x mas will rock.,Positive,INVALID
167,Mamookayude padamaayalum lalettan te padamaanenkilum itoru malayalam padamaanu athorkanam nammaku Ella industrikaleyum vettichu nammade Malayalam industriye unnatangalil ethikanam,Positive,INVALID
168,Kalippe....   by katta lalettan fan,Positive,INVALID
169,Poli oru rakshayum illa...  dileep ettan...,Positive,INVALID
170,Licifer vannna ennenthe pooram vanu.....madhuraraja 6 manik thanne poyi......but l is loading...coming....minutes left,Positive,INVALID
171,ദിലീപേട്ടൻ വ്യത്യസ്ത വേഷങ്ങൾ ചെയ്യാറുണ്ട്. വീണ്ടും ഒരു പുതുമനിറഞ്ഞ വേഷം.  ജനപ്രീയ നായകൻ ഫാൻസ്‌ come,Positive,INVALID
172,Mass entry ekka,Positive,INVALID
173,പൊളി സ്റ്റെപ്..... ufff തിയേറ്റർ അങ്ങ് കുലുങ്ങി ഇത് വന്നപ്പോ,Positive,INVALID
174,ദാസേട്ടൻ വോയിസ്‌  മമ്മൂക്ക സ്ക്രീൻ പ്രെസെൻസ്,Positive,INVALID
175,അന്നും ഇന്നും  കട്ട മമ്മൂക്ക ഫാൻസ് ആരുണ്ട്,Positive,INVALID
176,സുരാജ്‌ ജയിക്കേണം എന്നാണ് എന്റെ ആഗ്രഹം,Positive,INVALID
177,LALETTAAA POLICHU  100 CR KOYYUM,Positive,INVALID
178,Nalloru cenima anubhavam malayalikalk sammanikunne karyam therrchayayi,Positive,INVALID
179,Trailer Valare ishtai,Positive,INVALID
180,Late aayi vannalum latest aayi varananu A10 nu istam latest aayi tanne varum  Lalettan,Positive,INVALID
181,Ithaan ikkane megaaastar aakith Ikka uyirrrr,Positive,INVALID
182,ഇതൊരു പൊളി പൊളിക്കും.. എജ്ജാതി കാസ്റ്റിംഗ്. Editing bgm direction art ഒരു രക്ഷേം ഇല്ലാ.. joshy sir strikes with a tsunami.,Positive,INVALID
183,"ഇജ്ജാതി സിനിമകളോട് നുമ്മക് പണ്ടേ മുഹബത്താണ് പോരാത്തേന് സൗബിൻ ഇക്കായും , ഷൈൻ ഇക്കായും, ഫഹദ് ഇക്കായും ഇത് പൊരിക്കും  Feb 7",Positive,INVALID
184,1:52 mass level  Fdfs urappichavar like adikku,Positive,INVALID
185,Swasu  .. മുത്തേ..... All  the best ..... ഞങ്ങളുടെ ച ങ്കിടി പായ ടwasu ന് എല്ലാവിധ ആശംസകള്..... LOVe you ... too....,Positive,INVALID
186,Oru variety padam manakkunnu ettan uyir,Positive,INVALID
187,മമ്മൂക്ക യെ പെൺവേശത്തിൽ  കാണിക്കുന്ന രംഗം കാണണമെങ്കിൽ ചെല്ല്  ടിക്കറ്റ് എടുക്ക്  ടിയട്ടറിൽ കാണാത്തവർ നാളെ Tv യിൽ കാണുമ്പോൾ  ടിയട്ടറിൽ  കാണാൻ പറ്റാത്തത്തിൽ ദുഃഖിക്കും  ഇത് കുറിച്ചിട്ടോ   ആ Bgm  യുദ്ധരംഗം ഹ എജാതി,Positive,INVALID
188,kidu bgm making dailogue full pwli mood ichayan,Positive,INVALID
189,"Nala patt, cinema adipoli  psycho fahad fasil",Positive,INVALID
190,Prayam koodundorum soundaryam koodunna ore oraal.. Mammookka,Positive,INVALID
191,Ikka ejjathi look... ejjathi entry,Positive,INVALID
192,"നല്ല ഗാനം, സുഹൃത്തുക്കളെ ഞാൻ സാഹിത്യകാരണാണ്, ഗാനം, സിനിമ ഇഷ്ടപ്പെടുന്നു. എന്റെ youtube ചാനൽ Subscribe ചെയ്യണേ കുട്ടുകാരെ.",Positive,INVALID
193,Mammookka ithelum mass aayi big b il varunnund ith verum sample,Positive,INVALID
194,മലയാള സിനിമ ഇത് എന്തിനുള്ള പുറപ്പാടാ. amazing,Positive,INVALID
195,Mech ഇല്‍ ഓണം സെലിബ്രേഷന്‍ ആണ്‌ ചേട്ടാ...``   ആ ചിരി പൊളിച്ച് 2:25,Positive,INVALID
196,പൊറിഞ്ചു മറിയം ജോസ് ടീമിലെ എല്ലാ അംഗങ്ങൾക്കും ഒരു all the best... പ്രത്യേകിച്ചും ഞങ്ങടെ സ്വാസൂട്ടിക്ക് ഒരു പാട് ഉയരങ്ങളിൽ എത്തട്ടെന്ന് ആത്മാർത്ഥമായി പ്രാർത്ഥിക്കുന്നു....,Positive,INVALID
197,Malayalam cinema technical aayi orupaad uyarattee. Valiya budget quality films iniyum ithe pole undavatte.,Positive,INVALID
198,EE  oonam ETT!M@@N! KONDUPOOKUM THERRCHA.....,Positive,INVALID
199,ഇടവേളകളിലെ പഫ്സും ഡ്രിംഗ്സും ക്ലാസുകളിലെ ചെറുകുരുത്തക്കേടുകളും പരീക്ഷകളിലെ മഹത്തായ മാർക്കുകളും ഇനിയൊരിക്കലും തിരിച്ച് കിട്ടാത്ത ആ +1 & +2 കാലത്തെയും ഓർമ്മിപ്പിച്ച്   ഒരു തണ്ണീർമത്തൻ ദിനം  Miss u guyzzzz,Positive,INVALID
200,Ithupolathe kidilan trailer vannitt katta support kodukkathirikkan pattumo it is very awesome,Positive,INVALID
201,Ettan fans like button pottich kaanich kodkk,Positive,INVALID
202,polichu muthe laleta enna glamour aa postersiloke,Positive,INVALID
203,ജോജോ  മച്ചാന്റെ  അടുത്ത  ഹിറ്റ്‌... കട്ട വെയ്റ്റിംഗ്,Positive,INVALID
204,"ഇത് കണ്ടാലേ അറിയാം സൂപ്പർ മൂവി ആണെന്ന്, മഞ്ജു 🤩🥰🥰",Positive,INVALID
205,Maamankam industrial hit aavm ennulavar . anyone...,Positive,INVALID
206,ഷൈൻ അടിപ്പോളിയാണ് പക്ഷെ സൗബിൻ ഈ ചിത്രത്തിൽ ഞെട്ടിച്ചു കളഞ്ഞു.........,Positive,INVALID
207,ഒരുപാട് ആക്ഷൻ മൂവിസിന് ശേഷം പഴയ മോഹനലാലായി തിരിച്ചു വന്നിരിക്കുന്നു  ലാലേട്ടാ സൂപ്പർ,Positive,INVALID
208,Ufff vere level ikkaaa ingha pwoli aahn,Positive,INVALID
209,Orikkal kandal orikkalum marakkatha drishyanubavam addayirikkum mamangam Oru like thannoode,Positive,INVALID
210,Trailer  thanne 100 vattam kaanan thonna..... padam poliyaanu appo...🤘🤘🤘🤘🤘,Positive,INVALID
211,പടം പൊളിച്ചു.. എജ്ജാതി ഫിലിം.. ഷൈൻ,Positive,INVALID
212,Ini madhu chettan brilliance kandu pidikendi varum,Positive,INVALID
213,Oru rakshayum illaaatha waiting  ഒന്നൊന്നര ട്രൈലെർ,Positive,INVALID
214,ente mamookkaa.... ijjathi....  romaja.kanjukam..  mammootti istham....  ithu kalakkum.. polikkum... thimirkkum,Positive,INVALID
215,super filim thanks rajuvetta lalettan thakarthu,Positive,INVALID
216,Rajauda kalii enum keralam kannan pokunnaa olluu🤩🤩,Positive,INVALID
217,sukurthukkale enikk oru karyave parayanollu dis like adichum aavishyam illatha troll paranjum veruppikkalle nammade swathalle lalettan nammal malayalikalude abhimanamalle,Positive,INVALID
218,Wow.... എന്നാ ഒരു ഗൃഹാതുരത്വം ആട ഉവേ..,Positive,INVALID
219,Become an arjun asokaN fan. .. padam kalakki,Positive,INVALID
220,ഇവിടെ ശൈലിക്കോ ഭാഷാപ്രയോഗത്തിനോ അല്ല പ്രസക്തി കാരണം നമ്മളാരും കേട്ടിട്ടുമില്ല കണ്ടിട്ടുമില്ല അപ്പൊ ശഹീദ് കുഞ്ഞാലി മരക്കാരെ ഭാഷാ ശൈലി ഇതു തന്നെ,Positive,INVALID
221,Chackochan nte veroru avathaaram aavum idh. Blockbuster il kuranjonnum pradheekshikkunnilla,Positive,INVALID
222,Odiyan trailer kidukki Laletta nigal vere levela,Positive,INVALID
223,Oru 10 thavana kandu,Positive,INVALID
224,ഞാൻ ഈ പടം കണ്ടു പടം തകർത്തു പടം വേറെ ഒരു ലെവൽ ആണ്,Positive,INVALID
225,ഈ പാട്ട് ഈണം പകര്ന്ന  മഹാനാക്കട്ടെ നമ്മുടെ ലൈക്,Positive,INVALID
226,എന്റെ ഏട്ടാ..  നിങ്ങൾ മരണ മാസ്സ് ആണ്..  ഏത് വേഷവും അതിന്റേതായ തന്മയത്തത്തോടെ ചെയ്യാൻ നിങ്ങൾക്കല്ലാതെ വേരാർക്ക് പറ്റും??..  അഭിനയം എന്ന കലയുടെ പൂർണ്ണരൂപം ആണ് ഏട്ടാ നിങ്ങൾ.. love u ettaa..,Positive,INVALID
227,ചാവേറിന്റെ വരവ് കഴിഞ്ഞു എനി അസുരന്റെ വരവിനായി കാത്തിരിക്കുന്നു..  Best wishes ഇക്കാ..,Positive,INVALID
228,"ആദ്യം ഈ പാട്ടു കേട്ടപ്പോൾ ഇഷ്ടപ്പെട്ടില്ല ,ഇപ്പൊ ഈ പാട്ട് കേൾക്കാതെ ഒരു ദിവസം പോലും ഇരിക്കില്ല ! #addicted",Positive,INVALID
229,"പടം കണ്ടു.. ഗംഭീരം... ജോജോ തകർത്തു..പറയാൻ വാക്കുകൾ കിട്ടുന്നില്ല ... എവിടെയൊക്കെയോ കിരീടത്തിലെ ലാലേട്ടനെ കൊണ്ട് വന്നു.. ജീവിച്ചു കാണിച്ചു... നൈല ഉഷ, ചെമ്ബൻ വിനോദ് കട്ടക്ക് നിന്ന് അഭിനയിച്ചു... മാസ്സ് നു മാസ്സ്, അടിക്ക് അടി, senti ക്ക് senti.. എല്ലാം ഒത്തു വന്ന film... അടുത്ത കാലത്ത് ഇറങ്ങിയ നല്ല പടം. Family ക്ക് ഒപ്പം കാണാൻ പറ്റിയ പടം",Positive,INVALID
230,Direction kidu aanennu thonnanu      Mammootyude prithvidem star value kaaranam sradhikkappedukayum cheyyum,Positive,INVALID
231,Mariam kiduu...  Jose Masss...  Porinju Maranamass...,Positive,INVALID
232,ട്രെയിലര്‍ കണ്ടപ്പോള്‍ തന്നെ രോമാഞ്ചം വന്നു .....ഒന്നും പറയാനില്ല ഇത് പൊളിച്ചു....... <3.... കട്ട വെയിറ്റിംഗ് ഫോര്‍ ദി മൂവി #ROYAL_MEX,Positive,INVALID
233,Next Week china povan irikkana njan ithu kandeche njan povathullu,Positive,INVALID
234,Manju chechina orupad istam Lady superstar is back . Trailer super aayi. Ee film oru van vijayam aavatte Manju chechi,Positive,INVALID
235,Mammukka kalakam super trailer rajaiuda team double strong alla trouble strong annu,Positive,INVALID
236,Jai jai jai lalettan ki jai,Positive,INVALID
237,Heavy trailer.. kurachu naalinu shesham oru malayalam padam kaanan kothipikunnu,Positive,INVALID
238,Film hitayalum floppayalum trailerinirikate oru kuthirappavan,Positive,INVALID
239,Big b model...  Ikka fans hit like,Positive,INVALID
240,Ejjati item ##Derick ikka katta waitingz ##Bgm 100%##,Positive,INVALID
241,Wow ejjathi item mammookaa. Ingalu puliylla puppuliyaa,Positive,INVALID
242,ഇത്ര നല്ല പാട്ടിനെയാണല്ലോ ഡീഗ്രേഡ് ചെയ്തത് ഊളകൾ. പടം കണ്ടപ്പഴല്ലേ മനസിലായത്. മമ്മൂട്ടി കലക്കി,Positive,INVALID
243,LAD പോലെ ഉള്ള ചവർ ജയിപ്പിച്ചിട്ടു ഇതു പോലെ ഒന്നു തോൽപ്പിക്കാതെ ഇരിക്കുക,Positive,INVALID
244,#mamangam 2019 It will be an epic. Mammukka uyir,Positive,INVALID
245,Nammde  Chemban chettan kidu vinde fans undel aa button ang njekkpotticholiii... 🤩🤩🤩,Positive,INVALID
246,Baju +mammookka കോമ്പിനേഷൻ   ഇത് പൊളിക്കും,Positive,INVALID
247,ആ ചിരി കണ്ടോ  വില്ലന്റെ ചിരി  അപ്പൊ ബോക്സ്‌ ഓഫീസ് rip,Positive,INVALID
248,Njan Ee Cinema Maveli Theater il Vachhu Kanddu Avassanam Kannu Nananju-Poyeeee....,Positive,INVALID
249,Ullaaseetta parupaadi okke gambeeram aakattae keettooo...🤗,Positive,INVALID
250,Kandittum kandittum madhiyaavunnillallo deyvame.....Ente laletta ningal star alla oru GALAXY aanu,Positive,INVALID
251,അയ്യേ.... ഇത് പണ്ടേ ഇറങ്ങിയ പടം അല്ലെ വല്യേട്ടൻ,Negative,INVALID
252,Thelunku nadan ..bhaala krishnayeyum... Thal nadan vijaya kaandhineyum ..naanipichu...mammuunny...,Negative,INVALID
253,Malayalathil nalla nadimar illanjittano eee ammayiyea konduvanne... nthu bore aanu avarude abhinayam porathenu enthu oooola lukkanu... sheeeeeaaaaaa valare bore aayippoyi.. ee ammayi ivide kanillayirikkum ini...🤔🤔🤨🤨,Negative,INVALID
254,Ethilum betham gopi sunderaa kayamkulamkochunni enna movie songs nallathayirunnu,Negative,INVALID
255,ഈ പാട്ട് rasallyaa.. അടുത്തത് നോക്കാം.. MJ ser...,Negative,INVALID
256,Chettatharam kanich... App upayogich dislike adichavarod,Negative,INVALID
257,കുന്നംകുളം ഒഴിച്ച് ബാക്കി എല്ലാ നാട്ടിലെയും സ്ലാങ് ഇയാൾ ഇതിൽ പറയുന്നുണ്ട്. ഈ പൊട്ടൻ എത്ര നാൾ ഇങ്ങനെ തള്ളി പിടിച്ചു നിൽക്കും.,Negative,INVALID
258,8 നിലയിൽ പൊട്ടും എന്ന് ഉറപ്പ് ആയി,Negative,INVALID
259,Itinum dislike adikkan aalundallo...nallatine angeegarikkan padikk... duranthangal...,Negative,INVALID
260,Apo athum potti .. aaaa pratheekshayum poyi,Negative,INVALID
261,വടക്കൻ വീരഗാഥയിലെ പാട്ടു പോലെ പ്രതീക്ഷിച്ചു - but  ഇത് ലോക്കൽ പാട്ടും സൂപ്പർ Scenes ഉം,Negative,INVALID
262,Aayea.... ithu oru unda aavolo.... boar ....,Negative,INVALID
263,"മമ്മുക്കയെ കാണാൻ വന്നതാ, ഊള പാട്ട്, തട്ടി കൂട്ടി പാട്ട് അത്രയേ ഉള്ളു",Negative,INVALID
264,സീരിയൽ കാണുന്ന പോലെ ഉണ്ട് .. സിനിമ അങ്ങനെ ആവാതിരിക്കാൻ പ്രതീക്ഷിക്കുന്നു,Negative,INVALID
265,"കിളിച്ചുണ്ടൻ മാമ്പഴം റീലോഡഡ് .  മലയാളം സിനിമകൾ മാത്രം കാണുന്നവർക്ക് ,അന്തം വിട്ടിരിക്കാം .പ്രിയദർശനല്ലെ ,ഒരു വിധപ്പെട്ട എല്ലാ ഹോളിവുഡ് സിനിമയിൽ നിന്നും വിഷ്വൽസ് ചോർത്തിയിട്ടുണ്ടാകും .",Negative,INVALID
266,paandi raaja .Annan thanbi.pandi padam nirthi Lucifer movie  pole maaran sramik,Negative,INVALID
267,Pottum  bengaali look  IDGAF mon,Negative,INVALID
268,ഇവളുടെ കയ്യിൽ ഒക്കെ ആരാ സിനിമ കൊടുക്കുന്നത് അ ഹൗ ഓൾഡ് ആർ യു അല്ലാതെ ഏത് സിനിമയ വിജയിച്ചത്,Negative,INVALID
269,ITHU ENTHONNU DANCE AANU??MAMMOOKKAKKU AAMAVADHAM PIDICHO??DAYAVU CHEYTHU MAMMOOKKAYODU INI MELAL DANCE KALICHEKKALLE ENNU PARAYU.,Negative,INVALID
270,ഉണ്ണി മുകുന്ദൻ മസിൽമാൻ മാത്രം ആയി മാറി,Negative,INVALID
271,Enthu paatu aanu ethu...undakiya are sammadhikanam,Negative,INVALID
272,ഒടിയൻ സിനിമക്ക് ശേഷം ലാലേട്ടന്റെ bodylanguage ഒരുപാട് മാറ്റം വന്നു . പഴയ ലാലേട്ടനെ കാണാൻ സാധിക്കുന്നില്ല.,Negative,INVALID
273,Nalla kure trailer scene padathil kandilla ellam cut chythu mudichu kalanju,Negative,INVALID
274,ഇതുവരെ 2.1 k പൂജപ്പുര മച്ചാൻസ് ടീസർ കണ്ടു  .. enjoy..Enjoy..,Negative,INVALID
275,സത്യം പറഞ്ഞ ട്രയ്ലർ anik eztam ആയില്ല,Negative,INVALID
276,"poda thayolikala ninte oka ammada mech ,",Negative,INVALID
277,"എന്റെ അലക്കിയിട്ട പുതിയ ഷഡ്ഢി  കാണുന്നില്ല,അപ്പോളാണവളുടെ ഒരു മൂക്കുത്തി.",Negative,INVALID
278,Title il Suraj ettante peru vekkaathath moshaayipoyi..,Negative,INVALID
279,Cinema muyuvan manassilayi ini padam kaanano,Negative,INVALID
280,Dislike adicha mamookante  fanse odu myrukale,Negative,INVALID
281,ടൈറ്റിൽ നോ ഇമോഷണൽ ടച് ആരാധകൻ മതിയായിരുന്നു,Negative,INVALID
282,Mookkinittoru idi tharumbol ee asukam marum. Mookuthi kandillanum paranju dance kalikunu athu nokki kandupidikkanollenu. Enth tholinja variyanu saho?? Malayala bhashayil pettenu kshaamam vanno?? Ingeru thannano aavo ennu ninte moideenu vendi ezhuthye.,Negative,INVALID
283,ടീസർ ഇറങ്ങുന്നതിനു രണ്ടു ദിവസം മുൻപേ dislike. എന്ത് പേടിയാണ് മോനെ,Negative,INVALID
284,dislike adicha premukhan markku nanni . asooya,Negative,INVALID
285,verum  nadathavum iruttavum mathrame  ullu,Negative,INVALID
286,ഞമ്മന്റെ ആൾക്കാർ കിടന്നു ഉമ്പുന്നുണ്ടലോ...ഇതേതോ കുന്നം കുളം video ആണ്...മമ്മൂക്കയുടെ mamengam എന്ന ബോർ ട്രയ്ലർ ആണ്.🤧🤧,Negative,INVALID
287,ithokke comedy pole und ...aa  bahubaliyude manam kalayo ?,Negative,INVALID
288,അയ്യോ 100കോടി വെള്ളത്തിൽ വളിയിട്ട പോലെ ആകുമല്ലോ ഇതിപ്പോ ഈ ചുണ്ടൻ മാമ്പഴം to എന്ന് പേരിട്ടാൽ പോരെ അതല്ലേ അതിൻറെ ഒരു ശരി കുഞ്ഞാലി മരക്കാർ വേറെ വരുന്നുണ്ട് ചരിത്ര നായകൻ ആ നായകൻ ഒരാൾക്ക് മാത്രമേ കഴിയൂ മെഗാസ്റ്റാർ വേറെ ആരും ഒന്നും ചെയ്തിട്ട് കാര്യമില്ല ഒരു രക്ഷയുമില്ല,Negative,INVALID
289,ഇത് ഷൈലോക്കിന്റെ കൂടെ പിടിച്ചു നിൽക്കാൻ പറ്റുമെന്ന് തോന്നുനില്ല,Negative,INVALID
290,ലാലേട്ടനെ  ഒരുപാടിഷ്ടമാണ്..... പക്ഷെ  പറയട്ടെ.... ചിത്രം  നിരാശപ്പെടുത്തി.....പതിവ്  പോലെ  ലാലേട്ടന്റെ റോൾ  അദ്ദേഹം  ഭംഗിയായി  ചെയ്തു.... ബട്ട്‌.......ഇതുപോലെ..... ലോജിക്  ഇല്ലാത്ത  മണ്ടൻ കഥയിൽ അദ്ദേഹം  തല  വെച്ചു പോയി......പഴയ  ലാലേട്ടനെ  തിരിച്ചു  കിട്ടി എന്നൊക്കെ  പറയുന്നവരോട്... എന്തു പറയാൻ......,Negative,INVALID
291,Jai marikkunnath kandappol othiri sangadamaayi,Negative,INVALID
292,മൂക്കുത്തി അല്ല പെണ്ണുമ്പിളെ സാരി ആണ് കാണാതായത്... യ്യോ കൊട്ടാരത്തിൽ ഇത്രക്ക് ദാരിദ്ര്യം,Negative,INVALID
293,1k dislikes Ella dislike pannikalkum endhe naduviral namskaram,Negative,INVALID
294,Enthu paata .oru sugam ella.evidennu kitti engine oru paatu ayyeeeee msha bore,Negative,INVALID
295,ആരാണ് ഈ ട്രയ്ലർ എഡിറ് ചെയ്തത്? ഒരു സ്റ്റാൻഡേർഡ് ഇല്ലാത്ത ഊമ്പിയ എഡിറ്റിംഗ്. ആദ്യം the complete actor Mohanlal എന്നുള്ളത് കണ്ടപ്പോ ഞാൻ വിചാരിച്ചു ഏതോ ഊച്ചാളി പയ്യൻസ് എഡിറ്റ് ചെയ്ത് ആണ് എന്ന്. നല്ല വളിപ്പ് എഡിറ്റ്,Negative,INVALID
296,ഫസ്റ്റ് ഈ ചളി kunna രാജപ്പനെ ചവിട്ടി പുറത്താക്കേ എന്നാലേ മലയാള kunna രക്ഷപെടു,Negative,INVALID
297,"മൂക്കുത്തി കണ്ടില്ല, പക്ഷെ കുറെ വടകൾ കണ്ടു  Prachi Tehlan എന്തൊരു വയർ",Negative,INVALID
298,Malayaligale kitanjitano Hindi kaariye kond vanne.... Ee penninalo Giraffe athrem height um thonnikunu,Negative,INVALID
299,Ee jathi vesham kettichu dance kalippichal aarengilum mookkuthi kanumo Setta,Negative,INVALID
300,നല്ല ബോറ് ചിത്രീകരണം ആണല്ലോ. മമ്മുട്ടിക്ക് ഇങ്ങനെയുള്ള റോൾ ഒന്നും ചേരില്ല.,Negative,INVALID
301,ഇങ്ങേർ ഇനിയും വളിപ് നിർത്താൻ ഉദ്ദേശം ഇല്ലാ എന്നാ തോന്നുന്നത്... അടുത്ത പടക്കവും ആയി വരുന്നുണ്ടേ...🤣🤣🤣🤣🤣🤣🤣,Negative,INVALID
302,അപ്പോ ഇട്ടിമാണിടെ Ticket cash ലാഭമായി.......sryy lalettaa... Review അറിഞ്ഞിട്ട് കേറാം...  Its tym For LAD & BROTHERzDay,Negative,INVALID
303,ഇതോടെ ഒന്ന് ഉറപ്പായി. പൊട്ടും. അസ്സൽ സീരിയൽ പോലെ ഉണ്ട്. മുടക്കിയ പൈസ എങ്കിലും തിരിച്ചു കിട്ടട്ടെ. All the best,Negative,INVALID
304,എടാ മോനുസേ ഗുഹൻ മെസ്സ് ആണേ മെമെങ്കം 100 കോലി ആണേ,Negative,INVALID
305,ejjadhi oola padam immathiri oola padam jeevidhathil kandittilla my rating 0.5/5,Negative,INVALID
306,Telugu padam maathiri thoori aakki kalanjallo... Sheey,Negative,INVALID
307,Trailer kandit orappa nalla supper POTTA FILM..,Negative,INVALID
308,കൂതറ ട്രെയിലർ.. ലൂസിഫർ ഇത് തന്നെയല്ലേ ഇറക്കിയത് ലോലട്ടന്റെ ഒരു കാര്യം ഒരു വേഷപ്പകർച്ചയും ഇല്ലാത്ത ഒരേയൊരു പൂജപ്പുര രായാവ്,Negative,INVALID
309,Mamakathinu pakarama aayi tha oru pottikal.. endh trailer Anu edh.... Trailer vech padam vilayiruthunadh sariyala.. but etra mosham ...   Dub cheyda shabdam lucifernda Vila kalayan,Negative,INVALID
310,Padikkan pokunna pullare vedakkakan oro kunappanmar immadhiri oro pooonjattile film eduthu undakikolum,Negative,INVALID
311,Odiyan release datinte annu oru leave kodukkam working day ayity karyamilla,Negative,INVALID
312,Next disaster loading after mamangam 🤣🤣🤣🤣🤣 ikka fans nte dialogue- Muruga nee theernada  ini ethra Kollam ithupolae ikkan fans karayum  release aaya mamangam washout odiyan de tracked collection polum illa Ennitu thallu,Negative,INVALID
313,ഇക്കയെ ഇഷ്ട്ടമാണ്  എന്നാലും പറയുവാണ്   പടം 5പൈസക്ക് ഉണ്ടാവൂല,Negative,INVALID
314,dislike adikkunna ella myrenmaarrum poyi oomb,Negative,INVALID
315,മമ്മൂട്ടി ഒരുപാട് പരിമിതികൾ ഉള്ള നടനാണെന്ന് വീണ്ടും തെളിയിച്ച സിനിമയും പാട്ടും,Negative,INVALID
316,Manushyane chirippikan aayittu oro thaalikal irangikkolum🤣🤣🤣🤣... Ezheechu podo kilava,Negative,INVALID
317,Da mwone madhurajaedatreum varilla ketto .nte vaka ellarkum chukavandanam,Negative,INVALID
318,ഞാൻ കണ്ടു.. ഞാൻ മാത്രമേ കണ്ടുള്ളു 🤣🤣🤣..കോണത്തിലെ പടം..,Negative,INVALID
319,പൈസ തന്നു വെറുതെ കൊണ്ട് പോയി കാണിക്കാം എന്ന് പറഞ്ഞാലും.. ഞാൻ കാണാൻ പോകില്ല... ദിലീപ് പടം കാണുന്നത് ഇഷ്ടം അല്ല,Negative,INVALID
320,"മനപ്പൂര്‍വ്വം ano ലാലേട്ടന് വെച്ചു മാത്രം സിദ്ദിഖ്‌ eeyedayai  igne(ladies and gentlemen, big brother) . Valom karuthi kooti!",Negative,INVALID
321,"കാര്യം ഞാനുമൊരു മമ്മൂട്ടി ഫാൻ ആണ്.  പക്ഷേ പറയാതെ വയ്യ, നല്ല ബോർ ടീസർ.",Negative,INVALID
322,Unlike ഇടാൻ വേണ്ടി കൊറേ എണ്ണം കാത്തിരുന്നു,Negative,INVALID
323,Ithu entha Telugu Tamil sthiram mass masala Padam aaano Pand ingero vallya aaalaaayirunnu  Ippo normal aayi jeevikunnu Kand maduththu,Negative,INVALID
324,Aadhyam udukkan oru thuni nokkuu..ennittu mukkuthi nokkam,Negative,INVALID
325,എന്തു പേടിയാണ് മക്കളെ . ട്രെയിലർ വരുന്നതിന് മുമ്പ് തന്നെ  ഡിസ്‌ലൈക്ക് അടിക്കാൻ,Negative,INVALID
326,Anusitharayude abinayam rassamilla kaanan yella fillmilum kanakkaan (my personal opinion),Negative,INVALID
327,Kandathil vech mungiya pdam  Rating 1.1/5,Negative,INVALID
328,ഇപ്പോ അത്യാവിശം മൂക്കുത്തി അല്ല... അൽപ്പം തുണി ആണ്,Negative,INVALID
329,35 കോലിയിൽ വരുന്ന സിദ്ദിക്ക്‌ - മോഹൻലാൽ മൂവിയെ കണ്ടം വഴി ഓടിക്കാനാണ് ഇന്ത അസുരൻ വരുന്നത്  കൊടൂര മാസ്സ് entertainer,Negative,INVALID
330,ഡിസ്‌ലൈക്ക് അടിച്ചവർ തന്ത ഇല്ലാത്തവർ  എന്ന് ബോണി പറയാൻ പറഞ്ഞു,Negative,INVALID
331,"Avanmaar kku thudanghi kuru pottan  ,puthan panam, rajamanikyam, ini eanthadaa oolakale parayaanullath",Negative,INVALID
332,കാലം മാറി വരുന്നതിന് അനുസരിച്ചുള്ള പാട്ടാന്ന് തോനുന്നു ...സിനിമയ്ക്ക് പഴയ പേരും അതിലെ പാട്ട് അതിനോട് യോജിക്കാത്ത പുതിയ കാലത്തിന് അനുസരിച്ച പാട്ടും...കേൾക്കാൻ നമ്മളും,Negative,INVALID
333,1:02 ithokke school pillerod poyi para sire. Ee sir vili kore film il kettinn .,Negative,INVALID
334,എന്ത് മൂഞ്ചിയ ട്രയ്ലർ ആണെടോ...?? എട്ട് നിലയിൽ പൊട്ടിയ ഓടിയന്റെ ട്രൈലെർ ഇതിലും പ്രതീക്ഷ നൽകിയിരുന്നു.....,Negative,INVALID
335,ബിഗ് ബ്രദർ ന്റെ കൂദാശ  ഷൈലോക്ക് ന്റെ വക,Negative,INVALID
336,Trailer kandapo oru karyam urapichu #LAD,Negative,INVALID
337,Laalinu pakaram vere oru nadan akamayirunnu lal ithepole orupadu   cheyithittundu,Negative,INVALID
338,ഈ കാട്ടി കൂട്ടൽ kandi തിയേറ്ററിൽ ചിരിച്ചു കൂവിയവർ 🤣🤣ഇജാതി,Negative,INVALID
339,Aa 60 unlike അടിച്ച മാക്രികൾ video കാണുന്നണ്ടോ,Negative,INVALID
340,Ettan kootiya koodoola adurappa end diloga id chirichu chavum,Negative,INVALID
341,Dislike adicha sundari sundaranmarude nallathinayi namuk prarthikam,Negative,INVALID
342,Dislike ചെയ്ത എല്ലാ മമ്മുണ്ണി നിക്കർ പാൻസിനും എന്റെ നടുവിരൽ നമസ്കാരം,Negative,INVALID
343,ഈ പാട്ട് കട്ട ശോകം ആയി പോയി,Negative,INVALID
344,Police ne kuttam parayuna,Negative,INVALID
345,ട്രൈലർ വളരെ മോശം. സിനിമ അങ്ങനെ ആവാതിരിക്കട്ടെ...,Negative,INVALID
346,Adutha oru Pazhassi Raja pratheekshichirikkuvarnnu. Athu moonjinna thonnane. Ingane history background aaytulla padangalil e item song idunnath onn ozhivakki koode?,Negative,INVALID
347,ഫാന്സിനോട് ...ഇതും പൊക്കി മുറുക നീ റെർന്നു കേട്ടോ എന്നൊന്നും വരല്ലേ .. ഇത് മധുര രായ 3 ആരിക്കും,Negative,INVALID
348,ജിമ്മിറ്റിന്ടെ ബിഗ് ബ്രദർ....  ഗുഹന്റെ ഷൈലോക്...  ഫ്ലോപ്സ് ലോഡിങ്...,Negative,INVALID
349,Anuchechine കണ്ടില്ല ഇതിനൊക്കെ ആരാണോ dislike adikane,Negative,INVALID
350,പടം ഈ പാട്ട് പോലെ തന്നെ ദുരന്തം ആയിരിക്കുമോ. എന്ത് മോശം വരികൾ. ഒരുമൂക്കുത്തി  ..........,Negative,INVALID
351,വട ഒക്കെ out of fashion ആയത് ആരെങ്കിലും ഒന്ന് പറഞ്ഞു കൊടുക്ക്,Negative,INVALID
352,ഈ പാളേതൂറിക്ക് പറ്റുന്ന പണി എടുത്താൽ പോരെ ഇജ്ജാതി വാണം 🤣🤣🤣,Negative,INVALID
353,ട്രൈലർ കണ്ടിട്ട് മുമ്പ് എട്ട് നിലയിൽ പൊട്ടിപ്പോയ വാമനപുരം ബസ്റൂട്ട് ഒാർമ വന്നവർക്ക് ലൈക്കടിക്കാനുള്ള കമന്റ്. ഒാണം വിന്നർ ബ്രദേർസ് ഡേ തന്നേയെന്ന് ഒരിക്കൽ കൂടി തെളിയിച്ചു,Negative,INVALID
354,എന്ത് മൈര് ആണെങ്കിലും ഞാനും എന്റെയും ഭാര്യയുടെയും കുടുംബത്തിലുള്ളവരും എന്റെ 27 ഇൽ പരം ഫ്രണ്ട്സും അവരുടെ കുടുംബങ്ങളും ഈ സിനിമ കാണുന്നില്ല എന്ന് തീരുമാനിച്ച വിവരം വിനയപൂർവം അറിയിക്കുന്നു... കാരണം ബ്ലോജോബി ജോർജ് എന്ന ആ തരം താണ  വ്യക്തി ആണ് ഈ സിനിമ നിർമിച്ചിരിക്കുന്നത് എന്നത് കൊണ്ട് മാത്രം... ഈ കമെന്റ് delete ചെയ്താൽ എനിക്ക് മലരാണ് എന്നും അറിയിച്ചുകൊള്ളുന്നു... മമ്മൂക്ക ക്ഷമിക്കണം..,Negative,INVALID
355,Thrissur slang paliyenn thonnunnath enikk mathramano?,Negative,INVALID
356,Ithil comedy aanno udeshichathu  limitation manassilaakkunnathu nannayirikkum,Negative,INVALID
357,കുഞ്ഞാലി മരക്കാരുടെ പ്രസംഗം അധികം വലിച്ചുനീട്ടാതെ വെട്ടിച്ചുരുക്കു. ബോറാണ് പ്രിയൻ സർ !!content ഉള്ള കുറച്ചു dialogues മതി !!!...കുറിക്കുകൊള്ളുന്ന give and takes മതി !.ലാലേട്ടനോട് പുതിയ രീതിയിൽ present ചെയ്യാൻ പറയ് !!!.ഇതെങ്ങെങ്കിലും മാറ്റിയെ പറ്റു !.ഇതുകേട്ടിട്ടു കുഞ്ഞാലിമരക്കാർ പറയുന്നു എന്ന effect തോന്നണമെങ്കിലിനി മൂവി കണ്ടാലേ പറ്റു,Negative,INVALID
358,enth moonjiya padam oombiya kadha parachil avante konathile padam,Negative,INVALID
359,Ee padathien ethra Kali aaiiyalum mammuni enn parayunna nadante oru padathinum ithinte collection record thakarkan pattitila...nthin pakuthi polum ilaaa,Negative,INVALID
360,ഇപ്പൊ ട്രയ്ലർ മാത്രമേ ഉളളൂ പടം പത്തു പൈസക്ക് ഉണ്ടാവില്ല...,Negative,INVALID
361,Pandathe dileep ayirunnegi njan adyam poi kanunna padam ethayene .. edo dileepetta nigal mosham akendairunilla,Negative,INVALID
362,ആരെങ്കിലും ഒന്നു തപ്പി കൊടുക്കാടെ.. അവളുടെ അമ്മുമ്മ യുടെ മൂക്കുത്തി,Negative,INVALID
363,Copy adicha padan nanam illlallo poorikale,Negative,INVALID
364,ഇപ്പഴേ വന്നു തീട്ടങ്ങൾ ഡിസ്‌ലൈക്ക് അടിക്കാൻ തുടങ്ങി.. 🤣🤣🤣,Negative,INVALID
365,വലിയ സുഖം ഒന്നും തോന്നാത്ത സംഗീതം. ഇത്രയും ദൃശ്യ ഭംഗി ഒക്കെ ചിത്രീകരിച്ചപ്പോൾ സാമാന്യം ഒരു നല്ല പാട്ടു ആകാമായിരുന്നു.. ആ ദീപക് ദേവിന് കൊടുത്തിരുന്നെങ്കിൽ മൂപ്പര് bore ആക്കില്ലായിരുന്നു.,Negative,INVALID
366,"മൂക്കുത്തി കണ്ടില്ലെങ്കിലും സാരമില്ല,ഇഷ്ടം പോലെ വട ഉണ്ടല്ലോ കാണാൻ",Negative,INVALID
367,"കൂതറ പടം..,, ഒരു അഡാർ Love copy !!      അഡാർ Love - എത്ര super പടമായിരുന്നു.,,,  എന്നിട്ടും അത് പരാചയപ്പെടുകയും . ഇത് പോലത്തെ കൂതറ പടം എങ്ങിനെ വിജയിച്ചു.... കഷ്ടം!!! കേരളീയ പ്രേക്ഷകരുടെ നിലവാരത്തകർച്ച തന്നെ കാരണം.....",Negative,INVALID
368,നശിപ്പിച്ചു . ഒരുമാതിരി മൂന്നാം കിട തമിഴ് പടത്തിന്റെ ട്രൈലെർ പോലെ,Negative,INVALID
369,മഞ്ജു വാര്യർക്ക് അഭിനയിക്കാൻ പറ്റിയ പടം  നല്ല കോഴി പടം !,Negative,INVALID
370,Paringgiyude munbhil thalakumbit nikkaan kunnjaalik patulla....appo aara muttu madakkiywth(rss) thannje...cherupp nakkikal...  Kaanada punnjara makkale...musalmaante chankoottam....,Negative,INVALID
371,Ethonnum mohanlalnu cherilla,Negative,INVALID
372,അയ്യേ. ഇജ്ജാതി വെടല എഡിറ്റിംഗ്.  ...    BOSS എന്ന്  അതെഴുതി വരുന്നത് 🤣🤣🤣.. എന്ത് പ്രഹസനം,Negative,INVALID
373,എന്തിനാണ് മഹാ നടന ഈ പ്രായത്തിൽ ഏതു പോലെയുള്ള കോപ്രായം ചെയ്യുന്നത്  ഒരു ആത്മാർത്ഥ ഇല്ല  സ്ത്രൈണത എന്നൊക്കെ പറഞ്ഞാൽ ആൾക്കാർ പുച്ഛിക്കുക ആണ് ഒന്നിലും oru grace illa  .SORRY MAMMOOTTY sir you were big let down,Negative,INVALID
374,Singana suryaye vellan oru poo monum Ella,Negative,INVALID
375,26K malaghamar dislike adichirikkunnu....Sahikkanjittanu vere onnumalla.....kashtam....dhaivathinte sontham nadu,Negative,INVALID
376,Enthylm 300 koli thallum muzhuvn fans.......,Negative,INVALID
377,Costume onnum kollillaa. Enth vesham kettaane. ithilum nannayi cheyyarunnu ah dress vere enthenkilum ayirunnenkil.,Negative,INVALID
378,ഇക്കയുടെ ഏറ്റവും വലിയ power ഈ online ഫാൻസ് ആണ്......പടവും പാട്ടും ഒക്കെ എത്ര വെറുപ്പിച്ചാലും social mediaയിലും youtubeലും വന്നു പടവും പാട്ടും തെറ്റിദ്ധരിപ്പിക്കപ്പെട്ടു....i am the sorry aliyaaa എന്നു തുടങ്ങുന്ന കുറെ ഊള പോസ്റ്റുകളും കമന്റുകളും....അതിനു like ഇടാൻ ഒരു 500 മണ്ടന്മാരും,Negative,INVALID
379,Trailler pora padam 8 nela pottum ane tonunee,Negative,INVALID
380,കുഞ്ഞാലിമരക്കാർ ഇങ്ങനെയാണോ കിളിച്ചുണ്ടൻ മരക്കാർ പ്രിയേട്ടൻ ലാലേട്ടനെ മുസ്ലിംവേഷം കൊടുത്താൽ ഇങ്ങനെ സംസാരിക്കൂ ഏതു സിനിമ എടുത്തുനോക്കിയാലും ഇതേ രീതിയിൽ ആ ശൈലി കൈവിടാതെ..,Negative,INVALID
381,Dis like engane thonni......adikan...... Adichavanmar  ooompikoooo Ikka ... Mass daaaaaaaaaaaaa....... Keralathinte muthue..........,Negative,INVALID
382,Enna karambiya... Hoh african aalkar inji malayali penengale keatti kalikum,Negative,INVALID
383,Ithrem heavy sadhanam ingane edit akki kulamakkiyathinu editor kk oru കുതിര പവൻ,Negative,INVALID
384,ONKV ood neeraliii kandam vazhiii Ikka marana mass,Negative,INVALID
385,ennaalum ee paattinu dislike koduthavarude manasika nila enthayirikkum... psychos.??,Negative,INVALID
386,Onnathinu pottikan padakam Alla nalla assalu bomb thanne,Negative,INVALID
387,Ithentha Titleil Suraj ettante name vekkathathu? Kure aayi. Kunjappanilum vechitilla. Enth kashtam aanu pulli oru cheriya award okke vaangichitulla nadan alle ? Lal Jr inte pole 4th movie cheyyunna aalonnum allallo. Onn pariganikkaamayrnnu,Negative,INVALID
388,Mammunniyepole oliporallithu Eathu yudham vannalum munpilundavum laettan ....dialogue delivery pirannu...ee parayunna neeyokke pedukkum padam irangiyal,Negative,INVALID
389,enth koppile trailer aanu Siddiqe ethilenkilum onnu nannavumnu vijarichu oru mathiri fan made trailernpole,Negative,INVALID
390,കുഞ്ഞാലി മരക്കാരെ പറയിപ്പിക്കാൻ ഓരോ ബാസ. ഇത്തരം charactors രൂപത്തിലും ഭാവത്തിലും ശബ്ദത്തിലും അതിനോട് മാന്യത പുലർത്തണം ...ഉസ്മാനെ,Negative,INVALID
391,പൗരത്യ ബേദഗതി ബില്ലിന് എതിരെ ഒരു അക്ഷരം മിണ്ടാത്ത ഇവന്റെ ഒക്കെ സിനിമ വിജയിപ്പാക്കണോ എന്ന് നാലു വട്ടം ആലോചിക്കണം,Negative,INVALID
392,Ith  arabikkadalinte simhamalla Hippo Pottamaas.Kunjali marakkare Baahubali dressokke itt priyadarshan abhamanikkunnu.Cashing vendi charithrathe Valachodikkunnu.,Negative,INVALID
393,Aye kuura trailer oola padam chali mohanlal*************,Negative,INVALID
394,എന്ത് പ്രഹ്സനാണ് ഇൗ trailer. ഇതിലും സൂപ്പർ ആയി സ്കൂൾ പിള്ളേര് edit ചെയ്യും. Dialogue പരമ ദാരിദ്ര്യം. ഇട്ടിമാണിയിലെ അദേ face. മഹാ ബോറു ട്രൈലെർ കഷ്ടം.,Negative,INVALID
395,Ithu ikkayude script aanu..   Uttopiya,Negative,INVALID
396,എത്ര തച്ചോളികൾ ചിലച്ചാലും കൊല കൊള്ളി ആണ് ഇത്,Negative,INVALID
397,Yendha ee Pallayappan parayunnath. we padam pottum. suvaranu,Negative,INVALID
398,പടച്ചോനെ ഏതാ ഈ കൂറ പടം ?,Negative,INVALID
399,ഈ പാട്ട് ഡീഗ്രേഡ് ചെയ്തവനോക്കെ തന്ത ആരെന്ന് അറിയാത്തവർ ആണെന്ന് ഇപ്പൊ  മനസിലായി.,Negative,INVALID
400,Nty amoooo kunjalimarakaar 9 alla  oru pulikutti ayirunu Lal sir nigal samsarikubool Chiri varunu,Negative,INVALID
401,മൂഡ് പോയി...മൂഡ് പോയി...തുടക്കം തന്നെ ജോബി ജോർജിന്റെ പേര് കണ്ടപ്പോ മൊത്തം മൂഡ് പോയി. പിന്നെ ഇക്കാടെ പെർഫോമൻസ് കണ്ടിരുന്നു പോയി..,Mixed_feelings,INVALID
402,ഒരപേക്ഷയുണ്ട് പടത്തിൽ  ഞങ്ങടെ slang dialogues ഓവറാക്കി  ചളമാക്കരുത്..അത്രേയുള്ളൂ...  ജോഷിയേട്ടൻ പൊളിക്ക്,Mixed_feelings,INVALID
403,bgm  kettit kgf pole undallo,Mixed_feelings,INVALID
404,Trailer kanttitt pulimurukantteil mamooty afinayichathupole thoni,Mixed_feelings,INVALID
405,"Pavan shane, ennanavo ee typical same roll il ninn onn mari kitta,  Ellom ore type  Very talented but....",Mixed_feelings,INVALID
406,Trailer വെറുതെ വളരെ നന്നാക്കിയാൽ മാമാങ്കം പോലിരിക്കും... എന്തിനാ വെറുതെ,Mixed_feelings,INVALID
407,Dialogue presentation pora bakki ellam kollam,Mixed_feelings,INVALID
408,Avasanam Rajadhiraja yile tone pole thonni,Mixed_feelings,INVALID
409,Mammooka looks badass but editing shokam,Mixed_feelings,INVALID
410,Onnekil adutha pulimurugan alel adutha odiyan,Mixed_feelings,INVALID
411,ടീസറും ട്രയ്ലറും വല്യ ഓളമൊന്നും തോന്നുന്നില്ല...നല്ല പടമാകട്ടെ എന്ന് പ്രതീക്ഷിക്കുന്നു.,Mixed_feelings,INVALID
412,Luciferum ayite kurachu samyamille ee trailerinnu,Mixed_feelings,INVALID
413,"ചെറിയൊരു തെലുഗ് ഫിലിം അനസൂയ  ടച് ഉള്ളത് പോലെ ഫീൽ ആകുന്നു,  കോപ്പി ആയിരിക്കുമോ?",Mixed_feelings,INVALID
414,ethentha lalettan thanneyano dout akunnu,Mixed_feelings,INVALID
415,അഭിനയം ലാൽ ഏട്ടൻ പക്ഷെ ഈ ഡയലോഗ് മമ്മുക്കയുടെ കൈയിൽ കിട്ടിയാൽ പൊളിക്കും,Mixed_feelings,INVALID
416,BG Music nammude CIA yude BGM pole undalo 🤔,Mixed_feelings,INVALID
417,Eth pokirirajayo pulimurakano atho lucifero ellam mix cheythittundello koode rajani dialogue um,Mixed_feelings,INVALID
418,Ithil mammookakk role undo. Motham aa pilleraya kaniche mammokka mass,Mixed_feelings,INVALID
419,Ith mechinde vela kallayand irinaa madhii.. kand ariyam..,Mixed_feelings,INVALID
420,Maargham Kali nalla bornd tttto Baaaakkki kollllaaam,Mixed_feelings,INVALID
421,Video pirates og carriebian enna movie aanallo,Mixed_feelings,INVALID
422,Thrissur slang nyla അത്ര ശരിയായില്ല ..ചിലപ്പോൾ പടത്തിൽ ok ആകുമായിരിക്കും .,Mixed_feelings,INVALID
423,Pirates of carriebian scenes illennu oru doubt 🤔🤔,Mixed_feelings,INVALID
424,ഇത് വെറും ഒരു ആവറേജ് സോങ് മാത്രമായിട്ടാണ് എനിക്ക് തോന്നിയത്. ഉറുമിയിൽ ഒക്കെ ഉണ്ടായിരുന്ന പാട്ട് ഇതിനെ വച്ചു compare ചെയ്യുമ്പോൾ ഒരുപാട്  നല്ലത് ആയിരുന്നു.,Mixed_feelings,INVALID
425,evade kaanikuna avesham padam arangumbo theatril koodi onnu kaanicha upakaaram aerunu plzz,Mixed_feelings,INVALID
426,കിളിച്ചുണ്ടൻ മാമ്പഴം എന്ന movie യിലെ പോലെ ശബ്ദം ഫീൽ ചെയ്തത് എനിക്ക് മാത്രമാണോ?,Mixed_feelings,INVALID
427,Trailer superb but odiyanum inganaarnnu,Mixed_feelings,INVALID
428,ചില തെണ്ടികൾ കാരണം ഈ സോങ് വെറുത്തു പോയതാ  ഇപ്പൊ കണ്ടപ്പോഴാ ഇതിന്റെ വാല്യു മനസിലാകുന്നേ,Mixed_feelings,INVALID
429,ഇതു ഡാൻസും പാട്ടും കൂത്തും ഉള്ള ടിപ്പിക്കൽ നിമ്പോളി പടം അല്ല മക്കളേ..,Mixed_feelings,INVALID
430,രാക്ഷസൻ മൂവിയുടെ ബിജിഎം കോപ്പി.. എന്തായാലും കൊളളാം.. പക്ഷെ വില്ലൻ ശ്രീ നാഥ് ഭാസി ആകരുത് plz,Mixed_feelings,INVALID
431,എവിടം കൊണ്ടോ ഒരു ലിജോ പെല്ലിശ്ശേരി ടച്ച്......,Mixed_feelings,INVALID
432,"തനിക്ക് ഡാൻസ് വഴങ്ങില്ല, എല്ലാവരും കളിയാക്കും കോമഡി പോലെ ആകും എന്നറിഞ്ഞിട്ടും ഒരു നടൻ അതിന് തയ്യാറായി... മറ്റൊരു വശത്ത് ഒരു മാർഗംകളിയെ വലിയ പരകായ പ്രവേശമായും, അർദ്ധനാരീശ്വരഭാവമായും എല്ലാം സ്വയം എഴുതുക...",Mixed_feelings,INVALID
433,Thoopil Joppan poley ulla oru Item aavand irunnal mathi aarunnu🥺🥺🥺.,Mixed_feelings,INVALID
434,Pulimurugam team alle athinta oru chaaya evdokkeyo ondIKKA SUPERMAN PUNCH PWLIYEE,Mixed_feelings,INVALID
435,Trailer kidu....pakshe scriptm charactersum novelinu adichu matiyatanenu oru vivadam vanitundalo. Court order oke vakavekate shoot nadati enoke parenju news varunud,Mixed_feelings,INVALID
436,Bgm super. Padam above average aayirikkum,Mixed_feelings,INVALID
437,പാട്ട് ഇഷ്ടപെടാതെ വിശ്വൽസ് മാത്രം ഇഷ്ടപെട്ടവർ ലൈകടിക്ക്,Mixed_feelings,INVALID
438,Trailer kandit poliyan ann chnce... Bt nalla visuals pradheekshikunnu,Mixed_feelings,INVALID
439,"Mr. പ്രഭാകർ  ഇത് ഇവിടെ വർക്ഔട്ട്‌ ആവില്ലാ, സ്ഥലം മാറ്റിപിടിക്കു, സംഭവം കൊള്ളാം",Mixed_feelings,INVALID
440,Eee oru odiyan ikkade bilalnte athre muttan illa,Mixed_feelings,INVALID
441,1989 il vadakkan veeragadha theateril kanda nhan veendum oru epic cinema kaanan thayyaredukkunnu.. MT yude dialogukalkk pakaram vekkan onnumilla..,Mixed_feelings,INVALID
442,Teaser okke kollam pakshe director kollilla nalla story polum over action sequense kanich kulamakkum   . .  Ithavana athellam thiruthumennu prathishikkunnu  Beat of luck #ikka,Mixed_feelings,INVALID
443,Evidayo.. oru rakshasan feeling🤔🤔🤔🤔 also bgm,Mixed_feelings,INVALID
444,Dayvu cheyth priyapettavare Kanni Akkaruth  over hype venda,Mixed_feelings,INVALID
445,രാജാധിരാജലേം masterpiece ലെയും പോലെ fighting തെലുങ്ക് ആവാതിരുന്ന പൊള്ളിക്കും..,Mixed_feelings,INVALID
446,Kollam... Avasaanam odiyan manikyane pole avadhirunna mathi.. 🤪,Mixed_feelings,INVALID
447,പുത്ത൯പണം 2 ആവാതേ ഇരുന്ന മതി.. Promising trailer,Mixed_feelings,INVALID
448,Madhuraraja_3hours 86K like Lucifer_49 minutes 120K like Feel the difference,Mixed_feelings,INVALID
449,ക്ലാസിക്കൽ ഡാൻസ് അറിയാവുന്ന ആരെയെങ്കിലും കൊണ്ട് ചെയ്യിച്ചാ മതിയായിരുന്നു.,Mixed_feelings,INVALID
450,Lucifer yenna filim kandu. Athinte aniyara prevarttakar paranju perippichathupole oru bhayangara sambhavam onnum alla 2 manickoor boradickathe kanam,Mixed_feelings,INVALID
451,എവിടെയൊക്കെയോ അല്പം മധുര രാജ അല്പം പുത്തൻപണം അല്പം ചട്ടമ്പിനാട്  ഫീൽ ചെയ്യുന്നു.  അമിത പ്രതീക്ഷ വെക്കാതിരിക്കുന്നത് തന്നെയായിരിക്കും നല്ലത്.,Mixed_feelings,INVALID
452,Nalla story aanel vijayikkum trailer average,Mixed_feelings,INVALID
453,lucifer inte munnil enthonn raaja.! ettan da...,Mixed_feelings,INVALID
454,Prithwirajinthe samayam shariyalla ippo ella cinimayum parajayappedunnu ithenkilum hitavatte,Mixed_feelings,INVALID
455,angane oru divasam daivam marichu..........hahahahah.....nalla comedy,Mixed_feelings,INVALID
456,Lastil oru “laila may lailaa “ touch vannille BGM il 🥰🥰,Mixed_feelings,INVALID
457,Oru pandi comedy pandum pole unnd,Mixed_feelings,INVALID
458,tamil movie polea undeallo.  over aano,Mixed_feelings,INVALID
459,E trailer kanumpo amen orma varunn,Mixed_feelings,INVALID
460,Laletta nalla cinemaye language loode illathakkalle njangalkku sada language mathi,Mixed_feelings,INVALID
461,ennu ninte moideenile oru pattinte tune pole thonunu,Mixed_feelings,INVALID
462,Kunjaalikk eee sound fit alla ennoru thonal,Mixed_feelings,INVALID
463,Ithu pokkiri raja 2 aano atho pulimurugan 2 aanoenthayalum massAll the Best Ikka and team,Mixed_feelings,INVALID
464,പുത്തൻ പണം എന്ന സിനിമ പോലെ ആകാതിരുന്നാൽ മതി ആകെയുള്ള പ്രതീക്ഷ മമ്മൂക്ക ആൻഡ് അജയ് വാസുദേവ്                               മകനെ പടം കാണാതെ വിടമാട്ടെ,Mixed_feelings,INVALID
465,enthokeyo evdakayo oru thakarar pole... ennalum kolaam...,Mixed_feelings,INVALID
466,Saanam kidu but idakk aavisym illand kure vattam boss nokke ezhuthi chala maakki 1.2 vattam aanel kuzhappila nokkiya manasilavum,Mixed_feelings,INVALID
467,അനു ചേച്ചിയെ മിസ്സ്‌ ചെയ്തത് എനിക്ക് മാത്രമാണോ,Mixed_feelings,INVALID
468,Trailer KOLLAM KOLAMASS ... PAKSHE  KAANAN ORU SUKAM ILLA.... VELUTHAKANAMAAYIRUNNU,Mixed_feelings,INVALID
469,Ithu kanda puthan panam  ..evideyo entho thakararu pole.     Ini puthan panam pole aavo ithu ......,Mixed_feelings,INVALID
470,ഇതിപ്പോ പൈറേറ്‌സ് ഓഫ് ദി കരീബിയൻ സിനിമയിലെ ഷിപ് fight സീൻ ആണല്ലോ.,Mixed_feelings,INVALID
471,Madhuraraja 1 hour 40 k likes  Lucifer 1 min 40 k likes,Mixed_feelings,INVALID
472,Kanditt oru naad rakshikal cliché aanenn thonunnu..,Mixed_feelings,INVALID
473,O Faby enna old malayalam animated movie arkegilum ormayundo???  Ente kuttykalathu njn kanda marakanavatha  O faby de athe feel evideyo kittiya pole...!!!!,Mixed_feelings,INVALID
474,"lyrics ezhuthaan budhimuttiyitunaaavum le , chemberathiyum chembakathinum shesham mukkuthikkum koode oru paatinte kuravundaayirunullu.",Mixed_feelings,INVALID
475,Shahrukh khan nde fan cinema pole tonunu...adilum revenge aanu ...endaaylum idu polikum,Mixed_feelings,INVALID
476,പാട്ടിനനുസരിച്ചുള്ള ലിപ്സ് മൂവ്മെന്റ് കുറച്ചു കൂടി നന്നാക്കാമായിരുന്നു,Mixed_feelings,INVALID
477,Kilichundan mambazhathile... Laletan dilog parayana pole,Mixed_feelings,INVALID
478,bollywood movie fan aayitt oru chaya kaachal,Mixed_feelings,INVALID
479,ഈ പടം പൊളിയാരിക്കും. അങ്ങനെ ആകല്ലേ എന്ന് പ്രാർത്ഥിക്കുന്നു. കാരണം സിദ്ദിഖിന് കോമഡി ഫിലിം ആണ് നന്നായി ചെയ്യാൻ പറ്റുന്നത്.ലാലേട്ടൻ  മീര ജാസ്മിനുമായി ചേർന്നുള്ള ഒരു പടം പൊട്ടിയത് നമ്മൾ കണ്ടതാണ്  . ആക്ഷൻ ചെയ്തു വിജയിപ്പിച്ചിട്ടില്ല.,Mixed_feelings,INVALID
480,സത്യം പറഞ്ഞാൽ ഈ പാട്ട് അത്ര രസം ഒന്നുമില്ല കേൾക്കാൻ. ഇത്തവണ എം ജയചന്ദ്രൻ - ശ്രേയ ഘോഷാൽ - റഫീഖ് അഹമ്മദ് കോമ്പിനേഷൻ അത്രക്കങ്ങോട്ടു കലങ്ങീല്ല,Mixed_feelings,INVALID
481,കൊണ്ടോരാം കൊണ്ടോരാം കൈതോല പായ കൊണ്ടോരാം ഈ song മായി എന്തെങ്കിലും സാമ്യം ഉണ്ടെങ്കില്‍ തികച്ചും സാങ്കല്പിക മാത്രം,Mixed_feelings,INVALID
482,Comadey aguuum  realse aytuu paryaaam,Mixed_feelings,INVALID
483,Editing mosham. Mammukka get up poli,Mixed_feelings,INVALID
484,Padam oru horror movie akkamarnnuuu kaanunnavar koodi pedikanarnu,Mixed_feelings,INVALID
485,0:42 eebakam kelkkumbol ith pole ethoo song ullath pole,Mixed_feelings,INVALID
486,പ്രിയൻ സാർ ഭാഷ ശരിയാക്കു വൻ ഹിറ്റാകേണ്ട പടമാണ്,Mixed_feelings,INVALID
487,Editing മോശമായാൽ visual treat കാണില്ല.  പക്ഷെ director siddhiq ആയോണ്ട് expect ചെയ്യാൻ വല്ലതും കാണും,Mixed_feelings,INVALID
488,ഒരു പ്രതീക്ഷയും ഇല്ല   ഓടിയാൽ ഓടി അത്രേ ഉള്ളു,Mixed_feelings,INVALID
489,Bgm... എവിടെ ഒക്കെയോ രാക്ഷസൻ Bgm  കേറിവരുന്നു..... നിങ്ങൾക്കു തോന്നിയോ...,Mixed_feelings,INVALID
490,ഇതു എന്തുവ തെലുങ്ക് സിനിമ മലയാളത്തിൽ ഡബ്ബ് ചെയ്തപോലെ....,Mixed_feelings,INVALID
491,Dialogue delivery oru gummilla.. ahh padam varattee nokkam,Mixed_feelings,INVALID
492,Kumbalangi nights title nte oru sadirshyam ivede??,Mixed_feelings,INVALID
493,Oru variety agotu feel cheyanila full mass item avum.. onnum kanand jayettan eragila,Mixed_feelings,INVALID
494,രാക്ഷസൻ സിനിമയുടെ bgm മായി ചെറിയ ഒരു സാമ്യം,Mixed_feelings,INVALID
495,"പാട്ട് എഴഞ്ഞ പോലെ , നടിമാർ HOT looking",Mixed_feelings,INVALID
496,ചുണ്ടത്തു ചെത്തിപ്പൂ വിരിഞ്ഞു... ക്രോണിക് ബാച്ചിലർ....... പാട്ടിന്റെ ഒരു ഇത് ഇത് പോലെ തോന്നുന്നു. ചിലപ്പോൾ തോന്നലാകാം. കാരണം ഞാനും ഒരു മമ്മൂട്ടി ഫാൻ ആണ്. പാട്ട് നല്ല പാട്ട് ആണ് കേട്ടോ. പക്ഷേ ഈണം.,Mixed_feelings,INVALID
497,എവിടെയൊക്കയോ എന്ന് നിന്റെ മൊയ്തീനിലെ മുക്കത്തെ പെണ്ണെ കേറി വരുന്നുണ്ടല്ലൊ,Mixed_feelings,INVALID
498,Dis like adichavar aaro avar... onnum parayunnilla,Mixed_feelings,INVALID
499,Trailer kaanikan udheshichavar padam full kaanichu ithilude...best,Mixed_feelings,INVALID
500,"വെപ്പുതാടി അച്ഛൻ , ഇത് 2019 ആയി.. പിന്നെ Pogo tv Comedies..   മാർഗം കളി സൂപ്പർ",Mixed_feelings,INVALID
